{
  "fourth": "kn",
  "weights": {
    "en": 11,
    "hi": 2,
    "te": 7,
    "kn": 10
  },
  "ferts": {
    "en": {
      "A": 1.181318151114542,
      "B": 1.181318151114542,
      "tokens": 12242
    },
    "hi": {
      "A": 1.8947627243668552,
      "B": 0.9810936405881978,
      "tokens": 15412
    },
    "te": {
      "A": 2.1391752577319587,
      "B": 0.73202170963365,
      "tokens": 5395
    },
    "kn": {
      "A": 2.11595639246779,
      "B": 0.7817649212742586,
      "tokens": 2135
    }
  },
  "scoreA": 1043.9970566501377,
  "scoreB": 2225.702025825033,
  "feasible": true
}