{"vocabs":[365,465,615,865,1115,1365,1865,2365,2865,3365,4365,5365,6365,7365,8365,9365,10000],"fert":{"en":[3.210155231344605,1.7943251755943916,1.526820735430629,1.298142911566962,1.1713500780717616,1.090643729844876,0.9906367543610188,0.9299285817768167,0.8827474821186154,0.8465178921160935,0.7852838753642007,0.7468704223387188,0.7105871747680652,0.6839676552179302,0.6661426110845804,0.642259627509162,0.63030472132942],"hi":[3.018707771704071,1.8853767018639866,1.658404916307337,1.4388347536753472,1.3173643884607114,1.217385891646578,1.0995823854955353,1.0089973856652972,0.947679353546328,0.8991840106836881,0.8384431693432475,0.793592050611709,0.748333503095327,0.7164295657488201,0.696476872757727,0.666361095078034,0.6532894215643001],"te":[3.1366967926815827,2.016780557698666,1.6969028987104595,1.4755317976413536,1.3341232227488151,1.255621073514824,1.1166372754326022,1.0375013777140967,0.9727488151658767,0.921029427973107,0.8421139645100849,0.7824864984018517,0.7430287666703406,0.6955527388956244,0.6788548440427642,0.6527609390499284,0.6322329990080459],"kn":[3.1282843894899535,2.166029447653136,1.8669974782396486,1.6513462946392257,1.5142764174733587,1.3994143008216058,1.2712112584397626,1.1640771170584885,1.0885870007321239,1.0287968762710487,0.937118685430733,0.8408037094281299,0.8002928495891971,0.7653135931017653,0.6642804848287643,0.6547628731798585,0.6467095094769381]}}